{
  "project_info": {
    "project_number": "593297973925",
    "firebase_url": "https://beta-62536.firebaseio.com",
    "project_id": "beta-62536",
    "storage_bucket": "beta-62536.appspot.com"
  },
  "client": [
    {
      "client_info": {
        "mobilesdk_app_id": "1:593297973925:android:73b87107e21ce7e4",
        "android_client_info": {
          "package_name": "com.codegeeks.cgsecurity"
        }
      },
      "oauth_client": [
        {
          "client_id": "593297973925-igs95eals9cdmfj7bgfgl3l5fl5iv231.apps.googleusercontent.com",
          "client_type": 1,
          "android_info": {
            "package_name": "com.codegeeks.cgsecurity",
            "certificate_hash": "1bfb696361bf39b26972bdcbf9c3f53cf9d7e15d"
          }
        },
        {
          "client_id": "593297973925-873cuh1t1bfn8stmu8r9bpb004gmne7e.apps.googleusercontent.com",
          "client_type": 3
        }
      ],
      "api_key": [
        {
          "current_key": "AIzaSyAm7RM3cCujF4I66MZaHH4qHnNzjjjlTXQ"
        }
      ],
      "services": {
        "appinvite_service": {
          "other_platform_oauth_client": [
            {
              "client_id": "593297973925-873cuh1t1bfn8stmu8r9bpb004gmne7e.apps.googleusercontent.com",
              "client_type": 3
            }
          ]
        }
      }
    }
  ],
  "configuration_version": "1"
}